file,line,kind,target,status
"app/(tabs)/index.tsx","136","visible CTA","""Enter""","CODE PRESENT — NOT CLICK-TESTED"
"app/(tabs)/index.tsx","193","visible CTA","""About Daniel →""","CODE PRESENT — NOT CLICK-TESTED"
"app/(tabs)/index.tsx","195","internal navigation","""/about"" as any","CODE PRESENT — NOT CLICK-TESTED"
"app/(tabs)/index.tsx","230","visible CTA","""Enter the Field →""","CODE PRESENT — NOT CLICK-TESTED"
"app/(tabs)/index.tsx","232","internal navigation","""/sacred-masculinity"" as any","CODE PRESENT — NOT CLICK-TESTED"
"app/(tabs)/index.tsx","251","internal navigation","tile.route as any","CODE PRESENT — NOT CLICK-TESTED"
"app/(tabs)/index.tsx","292","internal navigation","""/the-books"" as any","CODE PRESENT — NOT CLICK-TESTED"
"app/(tabs)/index.tsx","309","visible CTA","""View All Books →""","CODE PRESENT — NOT CLICK-TESTED"
"app/(tabs)/index.tsx","311","internal navigation","""/the-books"" as any","CODE PRESENT — NOT CLICK-TESTED"
"app/(tabs)/index.tsx","407","visible CTA","""Read →""","CODE PRESENT — NOT CLICK-TESTED"
"app/(tabs)/index.tsx","409","internal navigation","""/journal"" as any","CODE PRESENT — NOT CLICK-TESTED"
"app/(tabs)/index.tsx","444","visible CTA","""Enter the Temple →""","CODE PRESENT — NOT CLICK-TESTED"
"app/(tabs)/index.tsx","446","internal navigation","""/the-33rd-house"" as any","CODE PRESENT — NOT CLICK-TESTED"
"app/(tabs)/index.tsx","464","external / email","SOCIALS.telegramChannel.url","CODE PRESENT — NOT CLICK-TESTED"
"app/(tabs)/index.tsx","473","external / email","SOCIALS.telegramGroup.url","CODE PRESENT — NOT CLICK-TESTED"
"app/(tabs)/index.tsx","482","external / email","SOCIALS.telegramPersonal.url","CODE PRESENT — NOT CLICK-TESTED"
"app/(tabs)/index.tsx","523","visible CTA","""Make an Enquiry →""","CODE PRESENT — NOT CLICK-TESTED"
"app/(tabs)/index.tsx","525","internal navigation","""/contact"" as any","CODE PRESENT — NOT CLICK-TESTED"
"app/(tabs)/index.tsx","536","external / email","SOCIALS.instagram.url","CODE PRESENT — NOT CLICK-TESTED"
"app/(tabs)/index.tsx","540","external / email","SOCIALS.facebook.url","CODE PRESENT — NOT CLICK-TESTED"
"app/(tabs)/index.tsx","544","external / email","SOCIALS.x.url","CODE PRESENT — NOT CLICK-TESTED"
"app/(tabs)/index.tsx","548","external / email","SOCIALS.telegramChannel.url","CODE PRESENT — NOT CLICK-TESTED"
"app/(tabs)/index.tsx","552","external / email","`mailto:${BRAND.email}`","CODE PRESENT — NOT CLICK-TESTED"
"app/(tabs)/index.tsx","559","internal navigation","""/policies"" as any","CODE PRESENT — NOT CLICK-TESTED"
"app/about.tsx","118","visible CTA","""View Books →""","CODE PRESENT — NOT CLICK-TESTED"
"app/about.tsx","120","internal navigation","""/the-books"" as any","CODE PRESENT — NOT CLICK-TESTED"
"app/about.tsx","128","visible CTA","""Work With Daniel →""","CODE PRESENT — NOT CLICK-TESTED"
"app/about.tsx","130","internal navigation","""/work-with-daniel"" as any","CODE PRESENT — NOT CLICK-TESTED"
"app/about.tsx","134","visible CTA","""Read the Journal →""","CODE PRESENT — NOT CLICK-TESTED"
"app/about.tsx","136","internal navigation","""/journal"" as any","CODE PRESENT — NOT CLICK-TESTED"
"app/article/[id].tsx","121","visible CTA","""← Back to Journal""","CODE PRESENT — NOT CLICK-TESTED"
"app/article/[id].tsx","123","internal navigation","""/journal"" as any","CODE PRESENT — NOT CLICK-TESTED"
"app/beyond-duality.tsx","262","internal navigation","""/decoding-cosmos"" as any","CODE PRESENT — NOT CLICK-TESTED"
"app/beyond-duality.tsx","269","internal navigation","""/the-33rd-house"" as any","CODE PRESENT — NOT CLICK-TESTED"
"app/contact.tsx","69","external / email","mailto","CODE PRESENT — NOT CLICK-TESTED"
"app/contact.tsx","231","visible CTA","""Submit Enquiry""","CODE PRESENT — NOT CLICK-TESTED"
"app/contact.tsx","261","internal navigation","""/policies"" as any","CODE PRESENT — NOT CLICK-TESTED"
"app/decoding-cosmos.tsx","494","internal navigation","""/beyond-duality"" as any","CODE PRESENT — NOT CLICK-TESTED"
"app/decoding-cosmos.tsx","501","internal navigation","""/the-33rd-house"" as any","CODE PRESENT — NOT CLICK-TESTED"
"app/for-couples.tsx","136","visible CTA","""Make a Private Enquiry →""","CODE PRESENT — NOT CLICK-TESTED"
"app/for-couples.tsx","138","internal navigation","""/contact"" as any","CODE PRESENT — NOT CLICK-TESTED"
"app/for-couples.tsx","142","visible CTA","""View the Books →""","CODE PRESENT — NOT CLICK-TESTED"
"app/for-couples.tsx","144","internal navigation","""/the-books"" as any","CODE PRESENT — NOT CLICK-TESTED"
"app/for-men.tsx","135","visible CTA","""Join Sacred Masculinity →""","CODE PRESENT — NOT CLICK-TESTED"
"app/for-men.tsx","137","external / email","SOCIALS.telegramChannel.url","CODE PRESENT — NOT CLICK-TESTED"
"app/for-men.tsx","145","visible CTA","""Make an Enquiry →""","CODE PRESENT — NOT CLICK-TESTED"
"app/for-men.tsx","147","internal navigation","""/contact"" as any","CODE PRESENT — NOT CLICK-TESTED"
"app/for-men.tsx","151","visible CTA","""View the Books →""","CODE PRESENT — NOT CLICK-TESTED"
"app/for-men.tsx","153","internal navigation","""/the-books"" as any","CODE PRESENT — NOT CLICK-TESTED"
"app/for-women.tsx","197","visible CTA","""Make a Private Enquiry →""","CODE PRESENT — NOT CLICK-TESTED"
"app/for-women.tsx","199","internal navigation","""/contact"" as any","CODE PRESENT — NOT CLICK-TESTED"
"app/for-women.tsx","203","visible CTA","""View the Books →""","CODE PRESENT — NOT CLICK-TESTED"
"app/for-women.tsx","205","internal navigation","""/the-books"" as any","CODE PRESENT — NOT CLICK-TESTED"
"app/journal.tsx","129","internal navigation","""/decoding-cosmos"" as any","CODE PRESENT — NOT CLICK-TESTED"
"app/journal.tsx","150","internal navigation","""/beyond-duality"" as any","CODE PRESENT — NOT CLICK-TESTED"
"app/sacred-masculinity.tsx","135","visible CTA","""View the Books →""","CODE PRESENT — NOT CLICK-TESTED"
"app/sacred-masculinity.tsx","137","internal navigation","""/the-books"" as any","CODE PRESENT — NOT CLICK-TESTED"
"app/sacred-masculinity.tsx","146","visible CTA","""Work With Daniel →""","CODE PRESENT — NOT CLICK-TESTED"
"app/sacred-masculinity.tsx","148","internal navigation","""/work-with-daniel"" as any","CODE PRESENT — NOT CLICK-TESTED"
"app/sacred-masculinity.tsx","152","visible CTA","""Read the Journal →""","CODE PRESENT — NOT CLICK-TESTED"
"app/sacred-masculinity.tsx","154","internal navigation","""/journal"" as any","CODE PRESENT — NOT CLICK-TESTED"
"app/service/[id].tsx","106","visible CTA","""Make an Enquiry →""","CODE PRESENT — NOT CLICK-TESTED"
"app/service/[id].tsx","108","internal navigation","""/contact"" as any","CODE PRESENT — NOT CLICK-TESTED"
"app/service/[id].tsx","112","visible CTA","""← All Services""","CODE PRESENT — NOT CLICK-TESTED"
"app/service/[id].tsx","114","internal navigation","""/work-with-daniel"" as any","CODE PRESENT — NOT CLICK-TESTED"
"app/soul-blueprint.tsx","112","visible CTA","""BOOK YOUR SOUL BLUEPRINT""","CODE PRESENT — NOT CLICK-TESTED"
"app/soul-blueprint.tsx","114","external / email","SOCIALS.the33rdHouse.url","CODE PRESENT — NOT CLICK-TESTED"
"app/soul-blueprint.tsx","117","visible CTA","""ENQUIRE WITH DANIEL""","CODE PRESENT — NOT CLICK-TESTED"
"app/soul-blueprint.tsx","119","external / email","`mailto:${BRAND.email}`","CODE PRESENT — NOT CLICK-TESTED"
"app/the-33rd-house.tsx","163","visible CTA","""Learn About Soul Blueprints →""","CODE PRESENT — NOT CLICK-TESTED"
"app/the-33rd-house.tsx","165","internal navigation","""/soul-blueprint"" as any","CODE PRESENT — NOT CLICK-TESTED"
"app/the-33rd-house.tsx","219","visible CTA","""Enter The 33rd House →""","CODE PRESENT — NOT CLICK-TESTED"
"app/the-33rd-house.tsx","221","external / email","""https://the33rdhouse.org""","CODE PRESENT — NOT CLICK-TESTED"
"app/the-33rd-house.tsx","225","visible CTA","""About Daniel →""","CODE PRESENT — NOT CLICK-TESTED"
"app/the-33rd-house.tsx","227","internal navigation","""/about"" as any","CODE PRESENT — NOT CLICK-TESTED"
"app/the-33rd-house.tsx","231","visible CTA","""Make an Enquiry →""","CODE PRESENT — NOT CLICK-TESTED"
"app/the-33rd-house.tsx","233","internal navigation","""/contact"" as any","CODE PRESENT — NOT CLICK-TESTED"
"app/the-books.tsx","66","visible CTA","""EXPLORE THE 33RD HOUSE""","CODE PRESENT — NOT CLICK-TESTED"
"app/the-books.tsx","68","external / email","SOCIALS.the33rdHouse.url","CODE PRESENT — NOT CLICK-TESTED"
"app/the-books.tsx","91","visible CTA","""PRIVATE ENQUIRY""","CODE PRESENT — NOT CLICK-TESTED"
"app/the-books.tsx","93","external / email","`mailto:${BRAND.email}`","CODE PRESENT — NOT CLICK-TESTED"
"app/work-with-daniel.tsx","102","visible CTA","""Make an Enquiry →""","CODE PRESENT — NOT CLICK-TESTED"
"app/work-with-daniel.tsx","104","internal navigation","""/contact"" as any","CODE PRESENT — NOT CLICK-TESTED"
